Adjective,Noun
Numberless,Crisis
Different,Sailor
Verdant,Thread
Plucky,Tin
Voracious,Newsstand
Rare,Solution
Madly,Author
Hurried,Parameter
Squealing,Salt
Observant,Habitat
Melted,Ethyl
Redundant,Hammer
Lavish,Burden
Fluffy,Warrior
Literate,Myth
Trite,Trafficker
Strange,Amusement
Handsome,Cinder
Panicky,Jellybeans
Exclusive,Proximal
Nice,Nest
Ashamed,Casino
Lethal,Memo
Colorful,Creation
Harsh,Dulcimer
Black,Love
Damaged,Butcher
Loutish,Hundred
Soft,Prow
Mundane,Enactment
Rainy,Dip
Changeable,Note
Macabre,Conga
Fragile,Therapy
Flawless,Transition
Fuzzy,Voyage
Unbecoming,Zinc
Amused,Lemonade
Homely,Sensor
Maddening,Brood
Momentous,Workout
Hallowed,Prosecutor
Distinct,Promotion
Worthless,Dart
Grotesque,Workshop
Adjoining,Count
Early,Composite
Invincible,Alpaca
Husky,Wake
Friendly,Canoe
Loose,Inquiry
Direful,Eardrum
Tired,Waiting
Detailed,Cleaner
Accessible,Well
Scandalous,Broadcast
Stale,Oar
Short,Chicory
Quick,Licorice
Screeching,Cultivator
Cruel,Tube
Loud,Leveret
Ritzy,Theft
Purple,Probation
Roomy,Patrimony
High,Coaster
Educated,Regard
Unadvised,Sundae
Axiomatic,Gaffe
Wet,River
Used,Nasal
Seemly,Conference
Dusty,Sigh
Honorable,Odyssey
Wealthy,Propaganda
Obtainable,Icing
Straight,Sorrow
Perpetual,Pail
Elderly,Input
Spotless,Die
Habitual,Discourse
Quizzical,Layer
Vivacious,Dream
Billowy,Mailman
Enchanting,Judge
Energetic,Bra
Wholesale,War
Rapid,Tights
Icy,Gallon
Slow,Hydrocarb
Powerful,Pulley
Alive,Lid
Humdrum,Capacity
Abhorrent,Peek
Pretty,Disco
Hushed,Crew
Gruesome,Dialect
Neighborly,Carpeting
Ubiquitous,Rust
Pointless,Morbidity
Sordid,Blame
Wry,Juice
Pathetic,Artifact
Naughty,Prince
Drunk,Lizard
Proud,Optimal
Futuristic,Acorn
Harmonious,Armoire
Bitter,Thief
Daily,Canteen
Fair,Accord
Adhesive,Daybed
Squalid,Lag
Victorious,Exhibition
Poised,Alfalfa
Dazzling,Drunk
Jobless,Lasagna
Tasteless,Nibble
Dynamic,Moment
Null,Jellyfish
Merciful,Rug
Gullible,Hockey
Chubby,Log
Crabby,Hourglass
Brief,Official
Lopsided,Consulting
Typical,Wetland
Hypnotic,Creativity
Wistful,Soundness
Grandiose,Trick
Smelly,Oncology
Cynical,Gander
Innate,Mustard
Lush,Draw
Relieved,Mobility
Vengeful,Pat
Hollow,Pastry
Parched,Feeling
Brave,Peace
Bewildered,Corral
Famous,Squeegee
Wild,Mound
Steady,Mythology
Bashful,Heartwood
Unsightly,Pass
Open,Bifocals
Arrogant,Lie
Accidental,Minority
Dapper,Clamp
Rightful,Maggot
Wicked,Total
Ludicrous,Shout
Uttermost,Anime
Quixotic,Overshoot
Dark,Screw
Languid,Harmonica
Delightful,Disease
Many,Capon
Deep,Trapezoid
Orange,Blackness
Fearless,Tangerine
Workable,Waiter
Roasted,Briefly
Horrible,Bonfire
Ripe,Student
Few,Tractor
Robust,Rutabaga
Wrong,Conduct
Ambiguous,Head
Delicious,Razor
Tacky,Barrage
Teeny,Booster
Mysterious,Steam
Aware,Murder
Measly,Spot
Witty,Cytoplasm
Cooing,Pharmacist
Green,Craftsman
Cowardly,Mix
Childlike,Context
Poor,Club
Tiresome,Coconut
Unsuitable,Metronome
Boring,Jot
Upset,Dividend
Large,Suv
Wee,Inspection
Brainy,Working
Dizzy,Sample
Rhetorical,Due
Imaginary,Powder
Plausible,Bongo
Smoggy,Difficulty
Misty,Appetiser
Unequaled,Genie
Upbeat,Bucket
Fat,Rainbow
Colossal,Liquid
Stormy,Eddy
Versed,Inbox
Uncovered,Engineer
Round,Fen
Raspy,Unibody
Lively,Hiking
Calm,Walker
Sable,Balloonist
Sedate,Mule
Scary,Excuse
Snotty,Seafood
Jittery,Ostrich
Quiet,Boudoir
Odd,Pepper
Ill,Crab
Obscene,Census
Tight,Bunghole
Feigned,Airman
Abstracted,Injury
Succinct,Doubling
Hurt,Incubation
Ossified,Cube
Aboard,Umbrella
Juvenile,Shred
Guarded,Barley
Painful,Exception
Huge,Misreading
Impossible,Inside
Quaint,Sprinter
Maniacal,Coast
Wandering,Adapter
Disgusted,Forebear
Massive,Stumbling
Jumpy,Carry
Fast,Fahrenheit
Icky,Wagon
Anxious,Storm
Jazzy,Decimal
Cloudy,Keep
Careful,Zone
Racial,Vengeance
Lowly,Theology
Mindless,Cliff
Blue,Slash
Capricious,Trowel
Real,Emery
Gleaming,Miter
Panoramic,Overweight
Confused,Fighter
Frail,Rise
Holistic,Technician
Abiding,Sign
Nappy,Wire
Labored,Hops
Frantic,Ketchup
Righteous,Mutton
Glossy,Memory
Late,Hearthside
Clumsy,Threat
Recondite,Interject
Oafish,Smelting
Foamy,Nudge
Empty,Monitor
Organic,Licence
Lazy,Store
Piquant,Bolero
Thoughtful,Hardhat
Smooth,Jelly
Disturbed,Anarchist
Scattered,Waveform
Fascinated,Zucchini
Mature,Flytrap
Hilarious,Replica
Psychotic,Playroom
Optimal,City
Faint,Cloudburst
Silent,Thumb
Alert,Cement
Shocking,Cub
Drab,Ecliptic
Utopian,Brace
Tested,Ficlet
Lamentable,Venue
Plastic,Pennant
Obnoxious,Thrill
Damaging,Force
Sleepy,Prevalence
Ragged,Fright
Ignorant,Shoestring
Rotten,Sorghum
Noiseless,Evil
Watery,Hoe
Picayune,Chuck
Illegal,Porpoise
Placid,Waterfront
Faithful,Winery
Boundless,Flour
Zealous,Maestro
Coherent,Footnote
Determined,Call
Zippy,Hiccups
Naive,Culvert
Draconian,Collateral
Charming,Tenet
Nosy,Salesman
Absorbed,Earnings
Oval,Diner
Overrated,Cascade
Angry,Alarm
Supreme,Aspect
Juicy,Info
Good,Rostrum
Overt,Drawer
Cuddly,Walking
Idiotic,Bellows
Malicious,Efficiency
Eager,Utensil
Trashy,Aardvark
Greasy,Treasury
Defeated,Grip
Subdued,Progenitor
Telling,Alpha
Sharp,Angiosperm
Didactic,Repayment
Unusual,Statue
Curious,Commission
Handsomely,Sage
Dull,Bankbook
Abrupt,Lane
Ratty,Framework
Aggressive,Sprout
Attractive,Dramaturge
Young,Leash
Ambitious,Expose
Impartial,Series
Freezing,Woolens
Slippery,Woodshed
Crowded,Viscose
Rural,Peach
Dead,Planula
Itchy,Dugout
Skillful,Codon
Breakable,Booklet
Tangible,Line
Staking,Thigh
Elfin,Cockpit
Toothsome,Thinking
Scarce,Banquette
Finicky,Collagen
Foregoing,Brisket
Imminent,Imitation
Penitent,Peanut
Sour,Career
Jealous,Turnip
Callous,Vine
Noisy,Almond
Hungry,Diet
Premium,Invasion
Irate,Dinghy
Lyrical,Anchovy
Auspicious,Senator
Elegant,Dissonance
Addicted,Message
Mushy,Triumph
Elite,Nightlight
Ethereal,Mail
Graceful,Allegation
Jagged,Sleepiness
Functional,Orient
Evasive,Honeydew
Miniature,Chopsticks
Economic,Clam
Truculent,Jockey
Barbarous,Proportion
Low,Twilight
Dashing,Corridor
Broad,Alley
Flat,Cassava
Cloistered,Analog
Equable,Banking
Woozy,Daisy
Cool,Semicolon
Defective,Battery
Weary,Afternoon
Hysterical,Pendulum
Dry,Spiderling
Watchful,Radiator
Clammy,Familiar
Profuse,Forgery
Obedient,Linen
Annoying,Emu
Faded,Joey
Abundant,Dancer
Grouchy,Depot
Vague,Ambassador
Helpless,Snob
Needy,Dime
Deeply,Impudence
Big,Pillow
Level,Carabao
Melodic,Lawsuit
Stingy,Finer
Mere,Proctor
Omniscient,Act
Kind,Ambience
Tan,Monster
Boorish,Airline
Learned,Bath
Rabid,Pump
Known,Hello
Dramatic,Cargo
Credible,Testament
Willing,Alto
Rampant,Opinion
Womanly,Purse
Nauseating,Piece
Grumpy,Throat
Blushing,Van
Gusty,Sickness
Adorable,Service
Tasteful,Start
Jumbled,Garden
Immense,Happening
Hapless,Thermostat
Luxuriant,Lard
Forgetful,Wingtip
Absent,Glimpse
Healthy,Candidacy
Nonchalant,Hospice
Faulty,Slider
Gorgeous,Autumn
Royal,Age
Romantic,Warden
Rough,Certainty
Burly,Garb
Greedy,Welfare
Moaning,Shanty
Possessive,Barn
Swanky,Cyst
Clear,Sound
Wakeful,Tailor
Ahead,Subgroup
Uppity,Word
Red,Tulip
Eminent,Monastery
Yielding,Coyote
Tall,Mobile
Amuck,Chronicle
Longing,Screamer
Cautious,Dad
Gifted,Gratitude
Lovely,Cancer
Flippant,Survivor
Great,View
Gaping,Norm
Giddy,Antler
Smiling,Roof
Vulgar,Inventor
Vigorous,Depth
Tender,Fertilizer
Somber,Phone
Demonic,Nectar
Torpid,Heirloom
Defiant,Vermicelli
Wooden,Corps
Resolute,Photodiode
Accurate,Affiliate
Fierce,Holder
Bored,Kind
Cultured,Price
Wretched,Modeling
Decorous,Birch
Acrid,Prefix
Hot,Beancurd
Fallacious,Marketer
Quickest,Wisdom
Grubby,Spark
Adamant,Scanner
Endurable,Clause
Tearful,Stepmother
Stupid,Shaw
Rich,Neglect
Thundering,Plier
Majestic,Melon
Weak,Titanium
Hissing,Going
Lacking,Racist
Successful,Endoderm
Unarmed,Preface
Deranged,Theory
Moldy,Risk
Pumped,Concept
Loving,Carpet
Acceptable,Redhead
Discreet,Generation
Jaded,Tentacle
Grieving,Historian
Agreeable,Cemetery
Flowery,Skill
Spooky,Seep
Precious,Sweat
Wanting,Spasm
Cold,Killing
Sad,Sampan
Skinny,Dig
Festive,Discretion
Sticky,Baobab
Motionless,Drummer
Shiny,Tool
Magical,Guestbook
Thirsty,Finding
Puny,Flume
Tacit,Contrail
Sweet,Instrument
Nervous,Fender
Likeable,Dust
Satisfying,Caliber
Shy,Duffel
Tart,Logistics
Laughable,Scissors
Imperfect,Dhow
Vast,Torso
Spurious,Port
Ruddy,Invitation
Deafening,Licensing
Synonymous,Apron
Subsequent,Rush
Cute,Policy
Lonely,Whirlpool
Giant,Ruffle
Flagrant,Website
Nebulous,Gopher
Hulking,Duckling
Aback,Succotash
Puffy,Leading
Quack,Conversion
Furtive,Retailer
Sneaky,Pate
Venomous,Analgesia
Aloof,Trellis
Easy,Intestine
Political,Spawn
Waggish,Bloom
Tasty,Rip
Brash,Pannier
Hard,Lapdog
Animated,Trap
Warm,Pun
Cagey,Cycle
Busy,Chowder
Youthful,Swanling
Yellow,Ladybug
Deadpan,Summary
Talented,Kumquat
Voiceless,West
Expensive,Vibrissae
Makeshift,Balance
Fresh,Tutu
Macho,Magic
Chivalrous,Nick
Difficult,Nestmate
Shaggy,Hive
Squeamish,Fiction
Guiltless,Earthquake
Spiffy,Grand
Swift,Gathering
Solid,Generator
Lucky,Mistake
Exultant,Trouble
Abrasive,Studio
Scientific,Shampoo
Fertile,Elicit
Better,Graffiti
Ugliest,Ridge
Deserted,Musician
Periodic,Shofar
Uneven,Behalf
Nutty,Agony
Needless,Hint
Bright,Sleep
Flaky,Scientist
Shrill,Apartment
Puzzled,Border
Ruthless,Gymnastics
Modern,Impairment
Kaput,Plagiarism
Perfect,Gosling
Whispering,Achiever
Standing,Boom
Selfish,Assistance
Evanescent,Catalogue
Muddled,Human
Selective,Scraper
Combative,Ignorance
Alcoholic,Flick
Funny,Bandana
Vacuous,Unblinking
Awful,Personal
Sweltering,Soap
Statuesque,Suspect
Depressed,Gravel
Secretive,Dragster
Square,Submitter
Numerous,Fix
Prickly,Visit
Average,Toga
Towering,Bog
Nasty,Diving
Slimy,Brooch
Sore,Shortage
Ordinary,Banner
Abounding,Yew
Noxious,Forestry
Snobbish,Notepad
Annoyed,Grain
Tangy,Resort
Miscreant,Rotation
Scrawny,Collapse
Uptight,Review
Minor,Koala
Hesitant,Eaves
Sassy,Mailbox
Boiling,Lock
Tough,Knitting
Obsolete,Sheep
Aboriginal,Elf
Absorbing,Hammock
Debonair,Cynic
Pastoral,Antique
Wacky,Pianist
Tawdry,Futon
Dangerous,Ambulance
Crazy,Pattern
Aberrant,Web
Shaky,Confusion
Spiritual,Zoo
Bloody,Soybean
Halting,Guess
Offbeat,Fiber
Innocent,Presume
Wise,Shear
Clean,Affidavit
Bawdy,Earmuffs
Agonizing,Intensity
Pleasant,Coffin
Excited,Strategy
Hellish,Jumpsuit
Shivering,Venom
Bad,Ectoderm
Clever,Chaos
Acoustic,Coffee
Heavenly,Toy
Gamy,Polo
Spicy,Naming
Lean,Diaper
Obsequious,People
Wiry,Disclosure
Afraid,Staircase
Mute,Remark
Fretful,Screen
Tenuous,Vinyl
Steadfast,Doll
Decisive,Octopus
Narrow,Conviction
Glamorous,Bias
Damp,Tab
Knowing,Fallacy
Sparkling,Dog
Soggy,Adoption
Evil,Ability
Happy,Libido
Ugly,Snorer
Gentle,Helium
Capable,Gun
Peaceful,Loquat
Aspiring,Chauvinist
Abject,Filing
Eatable,Marker
Godly,Bedrock
Terrible,Anklet
Abashed,Industry
Thinkable,Watch
Berserk,Slide
Humorous,Dealing
Warlike,Firm
Abaft,Ink
Knotty,Kebab
Troubled,Turf
Groovy,Yarmulke
Wonderful,Infancy
Tricky,Netball
Gainful,Fritter
Jolly,Dollop
Protective,Kohlrabi
Steep,Cradle
Long,Peasant
Homeless,Jewellery
Flashy,Energy
Zany,Dungeon
Abnormal,Tummy
Fine,Towel
Murky,Deduce
Splendid,Influx
Garrulous,Zen
Daffy,Spell
Craven,Apparel
Temporary,Propane
Efficient,Canvas
Productive,Laryngitis
Understood,Till
Wary,Sick
Woebegone,Egg
Marked,Middleman
Abusive,Magnet
Salty,Wholesaler
Oceanic,Menu
Devilish,Hurdle
Curly,Pilgrimage
Judicious,Fledgling
Tiny,Staff
Crooked,Macrame
Bumpy,Center
Worried,Refuse
Aromatic,Chicken
Chilly,Gelding
Concerned,Authority
Half,Terrorist
Earthy,Ingredient
Wasteful,Brief
Petite,Editorial
Mighty,Divine
Dirty,Pace
Plain,Piccolo
Zonked,Undertaker
Foolish,Pants
Super,Dam
Meek,Liver
Apathetic,Secretion
Historical,Wetsuit
Heady,Secrecy
Muddy,Initialise
Small,Orange
Important,Primary
Fanatical,Allowance
Divergent,Photograph
Unbiased,Pouch
Exotic,Checkout
Sincere,Blood
Joyous,Curler
Gaudy,Fiesta
Silky,Godfather
Testy,Butter
Thankful,Ikebana
Light,Scallops
Taboo,Bookend
Chunky,Clue
Ancient,Examiner
Exuberant,Dashboard
Overjoyed,Thought
Cheerful,Cruelty
Curved,Father
Repulsive,Gram
Fantastic,Planning
Imported,Hire
Purring,Yard
Available,Dessert
Aquatic,Paramecium
Alleged,Mango
Elated,Hydrogen
Tame,Mutt
Beautiful,Carrot
Creepy,Snug
Little,Crush
Glib,Biopsy
Classy,Breakpoint
Fabulous,Paddle
Doubtful,Suede
Ceaseless,Stew
Nutritious,Hepatitis
Erratic,Meatball
New,Beginner
Various,Shortwave
Onerous,Warning
Fancy,Gorilla
Excellent,Minister
Receptive,Icebreaker
Magenta,Literature
Unable,Afoul
Utter,Cupboard
Fortunate,Broiler
Diligent,Cacao
Abortive,Analogue
Volatile,History
Gigantic,Drill
Gabby,Fisherman
Guttural,Plan
Frightened,Bayou
Alike,Wardrobe
Ultra,Leisure
Shallow,Jade
Hospitable,Spray
Silly,Kilometer
